2011,runner,76
belgie,loper,76
markedwardmaciel,running,76
hardlopen,markedwardmaciel,76
runner,sport,76
2011,sport,76
markedwardmaciel,sportsman,76
mannen,race,76
belgium,lagalloromaine,76
run,runningonly,76
athlete,atleet,76
man,sport,76
lagalloromaine,race,76
athlete,markedwardmaciel,76
events,mannen,76
lagalloromaine,mannen,76
loper,sportsperson,76
athlete,running,76
evenementen,wedstrijd,76
lopen,wedstrijd,76
competition,runningonly,76
competition,run,76
events,race,76
belgium,mannen,76
belgie,sportsperson,76
atleet,sportsman,76
2011,man,76
evenementen,men,76
men,wedstrijd,76
athlete,hardlopen,76
events,lagalloromaine,76
lopen,men,76
athlete,sportsman,76
evenementen,lopen,76
belgium,events,76
atleet,running,76
atleet,hardlopen,76
atleet,markedwardmaciel,76
running,sportsman,76
belgium,race,76
hardlopen,sportsman,76
man,runner,76
hardlopen,running,76
mountpleasant,unitedstates,55
sanyahainan,sheratonsanyahaitangbayresort,40
hotel,sheratonhotelsandresorts,40
572013,spg,40
china,starwood,40
sheratonsanyahaitangbayresort,starwoodresorts,40
hotel,spg,40
572013,sheratonhotelsandresorts,40
572013,hotel,40
sanyahainan,starwoodresorts,40
sheratonhotelsandresorts,spg,40
instagramapp,normal,27
firedancer,loboc,24
bohol,tarsier,24
hills,panglao,24
ncvc,ncvcjuniors,24
chcolate,firedancer,24
chcolate,loboc,24
hkgsin,singapore,19
greatoutdoors,tour,13
gops,traintrip,13
201306,silverlariat,13
greatoutdoors,railroad,13
greatoutdoorspalmsprings,silverlariat,13
tour,train,13
2013,silverlariat,13
railroad,train,13
